elenen_keyword,korunan_keyword
galatasaray maçları,galatasaray maçı
fenerbahçe maçları,fenerbahçe maçı
beşiktaş maçları,beşiktaş maçı
trabzonspor maçları,trabzonspor maçı
başakşehir maçları,başakşehir maçı
samsunspor maçları,samsunspor maçı
kocaelispor maçları,kocaelispor maçı
göztepe maçları,göztepe maçı
alanyaspor maçları,alanyaspor maçı
konyaspor maçları,konyaspor maçı
antalyaspor maçları,antalyaspor maçı
kasımpaşa maçları,kasımpaşa maçı
rizespor maçları,rizespor maçı
gaziantep fk maçları,gaziantep fk maçı
eyüpspor maçları,eyüpspor maçı
karagümrük maçları,karagümrük maçı
gençlerbirliği maçları,gençlerbirliği maçı
kayserispor maçları,kayserispor maçı
bandırmaspor maçları,bandırmaspor maçı
erzurumspor maçları,erzurumspor maçı
sakaryaspor maçları,sakaryaspor maçı
boluspor maçları,boluspor maçı
manisa fk maçları,manisa fk maçı
keçiörengücü maçları,keçiörengücü maçı
adana demirspor maçları,adana demirspor maçı
ümraniyespor maçları,ümraniyespor maçı
amed sportif maçları,amed sportif maçı
vanspor maçları,vanspor maçı
iğdır fk maçları,iğdır fk maçı
pendikspor maçları,pendikspor maçı
esenler erokspor maçları,esenler erokspor maçı
serikspor maçları,serikspor maçı
hatayspor maçları,hatayspor maçı
sivasspor maçları,sivasspor maçı
istanbulspor maçları,istanbulspor maçı
çorum fk maçları,çorum fk maçı
real madrid maçları,real madrid maçı
barcelona maçları,barcelona maçı
atletico madrid maçları,atletico madrid maçı
sevilla maçları,sevilla maçı
real sociedad maçları,real sociedad maçı
villarreal maçları,villarreal maçı
athletic bilbao maçları,athletic bilbao maçı
valencia maçları,valencia maçı
real betis maçları,real betis maçı
girona maçları,girona maçı
juventus maçları,juventus maçı
inter maçları,inter maçı
milan maçları,milan maçı
napoli maçları,napoli maçı
roma maçları,roma maçı
lazio maçları,lazio maçı
atalanta maçları,atalanta maçı
fiorentina maçları,fiorentina maçı
bologna maçları,bologna maçı
torino maçları,torino maçı
manchester united maçları,manchester united maçı
manchester city maçları,manchester city maçı
liverpool maçları,liverpool maçı
arsenal maçları,arsenal maçı
chelsea maçları,chelsea maçı
tottenham maçları,tottenham maçı
newcastle maçları,newcastle maçı
aston villa maçları,aston villa maçı
everton maçları,everton maçı
west ham maçları,west ham maçı
bayern münih maçları,bayern münih maçı
borussia dortmund maçları,borussia dortmund maçı
bayer leverkusen maçları,bayer leverkusen maçı
rb leipzig maçları,rb leipzig maçı
eintracht frankfurt maçları,eintracht frankfurt maçı
fenerbahçe beko maçları,fenerbahçe beko maçı
anadolu efes maçları,anadolu efes maçı
beşiktaş basketbol maçları,beşiktaş basketbol maçı
real madrid basketbol maçları,real madrid basketbol maçı
barcelona basketbol maçları,barcelona basketbol maçı
panathinaikos maçları,panathinaikos maçı
olympiakos maçları,olympiakos maçı
maccabi tel aviv maçları,maccabi tel aviv maçı
zalgiris maçları,zalgiris maçı
partizan maçları,partizan maçı
los angeles lakers maçları,los angeles lakers maçı
golden state warriors maçları,golden state warriors maçı
boston celtics maçları,boston celtics maçı
chicago bulls maçları,chicago bulls maçı
miami heat maçları,miami heat maçı
denver nuggets maçları,denver nuggets maçı
oklahoma city thunder maçları,oklahoma city thunder maçı
new york knicks maçları,new york knicks maçı
vakıfbank maçları,vakıfbank maçı
fenerbahçe opet maçları,fenerbahçe opet maçı
eczacıbaşı maçları,eczacıbaşı maçı
galatasaray daikin maçları,galatasaray daikin maçı
türk hava yolları voleybol maçları,türk hava yolları voleybol maçı
türkiye milli takım maçları,türkiye milli takım maçı
ispanya maçları,ispanya maçı
portekiz maçları,portekiz maçı
fransa maçları,fransa maçı
arjantin maçları,arjantin maçı
brezilya maçları,brezilya maçı
almanya maçları,almanya maçı
ingiltere maçları,ingiltere maçı
italya maçları,italya maçı
hollanda maçları,hollanda maçı
fas maçları,fas maçı
norveç maçları,norveç maçı
belçika maçları,belçika maçı
hırvatistan maçları,hırvatistan maçı
abd maçları,abd maçı
